signal,total_toggles,glitch_toggles,hazard_ratio,toggle_density,effective_activity,duty_cycle,glitch_power_proxy,total_power_proxy
ring_tb.count[7:0],11,0,0.0,0.5238095238095238,0.5238095238095238,0.19047619047619047,0,11
ring_tb.clk,22,0,0.0,1.0,1.0,0.5,0,22
ring_tb.init,1,0,0.0,0.5,0.5,1.0,0,1
ring_tb.DUT.clk,22,0,0.0,1.0,1.0,0.5,0,22
ring_tb.DUT.init,1,0,0.0,0.5,0.5,1.0,0,1
ring_tb.DUT._00_[7:0],11,0,0.0,0.5238095238095238,0.5238095238095238,0.14285714285714285,0,11
ring_tb.DUT.count[7:0],11,0,0.0,0.5238095238095238,0.5238095238095238,0.19047619047619047,0,11
